player,date,time,id,item,itemID,itemString,response,votes,class,instance,boss,difficultyID,mapID,groupSize,gear1,gear2,responseID,isAwardReason,subType,equipLoc,note,owner
Häzjabz-Thrall,9/14/24,20:20:41,1726384841-2,[Foul Behemoth's Chelicera],219915,item:219915::::::::80:255::5:5:6652:10355:10265:1511:10255:1:28:2462,Major Upgrade,3,MONK,Nerub-ar Palace-Heroic,Ulgrax the Devourer,15,2657,25,|cffa335ee|Hitem:215172::::::::80:255::109:4:10271:6652:3282:10255:1:28:2462:::::|h[Silken Chain Weaver]|h|r,|cffa335ee|Hitem:219314::::::::80:255::23:6:10389:6652:10383:10275:1638:10255:1:28:2462:::::|h[Ara-Kara Sacbrood]|h|r,2,false,Miscellaneous,Trinket,wwwwwww,Daño-Thrall
Häzjabz-Thrall,9/14/24,21:13:40,1726388020-6,[Beyond's Dark Visage],212417,item:212417::::::::80:255::5:7:6652:10397:10379:10355:10265:1511:10255:1:28:2462,Giga BiS,3,MONK,Nerub-ar Palace-Heroic,The Bloodbound Horror,15,2657,25,|cffa335ee|Hitem:221163::::::::80:255::2:6:10388:6652:10876:10290:1628:10255:1:28:2462:::::|h[Whispering Mask]|h|r,,1,false,Leather,Head,Tier,Daño-Thrall
Häzjabz-Thrall,9/16/24,20:52:18,1726559538-3,[Spire of Transfused Horrors],212389,item:212389::::::::80:255::5:5:6652:10355:10263:1517:10255:1:28:2462,Minor Upgrade,3,MONK,Nerub-ar Palace-Heroic,Broodtwister Ovi'nax,15,2657,21,|cffa335ee|Hitem:212389:7459:::::::80:255::3:5:6652:10354:10270:1507:10255:1:28:2462:::::|h[Spire of Transfused Horrors]|h|r,,3,false,Staves,Two-Hand,ilvl upgrade not bis,Daño-Thrall
Häzjabz-Thrall,9/28/24,20:46:01,1727595961-13,[Bludgeons of Blistering Wind],212398,item:212398::::::::80:254::5:5:6652:10355:10264:1514:10255:1:28:2462,Minor Upgrade,3,MONK,Nerub-ar Palace-Heroic,Rasha'nan,15,2657,21,|cffa335ee|Hitem:212389:7459:::::::80:254::5:5:6652:10355:10263:1517:10255:1:28:2462:::::|h[Spire of Transfused Horrors]|h|r,,3,false,One-Handed Maces,One-Hand,,Daño-Thrall
Häzjabz-Thrall,9/28/24,20:49:06,1727596146-17,[Zenith Obscenity's Idol],225633,item:225633::::::::80:254::5:4:10369:10355:1514:10255,Minor Upgrade,3,MONK,Nerub-ar Palace-Heroic,Rasha'nan,15,2657,21,|cffa335ee|Hitem:212045::::::::80:254::124:4:6652:10265:10369:1511:1:28:2462:::::|h[Gatecrasher's Enduring Effigy]|h|r,,3,false,Armor Token,,save crests,Daño-Thrall
Häzjabz-Thrall,9/28/24,21:14:38,1727597678-23,[Broodtwister's Grim Catalyst],212387,item:212387::::::::80:268::69:5:6652:10271:11215:1504:10255:1:28:2462,Personal Loot - Non tradeable,nil,MONK,Nerub-ar Palace-Heroic,Broodtwister Ovi'nax,15,2657,21,,,PL,false,Miscellaneous,Held In Off-hand,,Häzjabz-Thrall
Walduh-Thrall,9/14/24,21:29:25,1726388965-13,[Cosmic-Tinged Treads],212416,item:212416::::::::80:255::5:6:6652:10379:10355:10264:1514:10255:1:28:2462,Major Upgrade,3,PRIEST,Nerub-ar Palace-Heroic,"Sikran, Captain of the Sureki",15,2657,25,|cffa335ee|Hitem:219181:6606:::::::80:255::109:5:6652:10377:10270:3185:10255:1:28:2462:::::|h[Unkindled Waxweave Slippers]|h|r,,2,false,Cloth,Feet,,Daño-Thrall
Walduh-Thrall,9/16/24,20:52:41,1726559561-4,[Gruesome Syringe],212452,item:212452::::::::80:255::5:5:6652:10355:10263:1517:10255:1:28:2462,Major Upgrade,5,PRIEST,Nerub-ar Palace-Heroic,Broodtwister Ovi'nax,15,2657,21,|cffa335ee|Hitem:215171::::::::80:255::109:4:6652:10270:3285:10255:1:28:2462:::::|h[Fungal Friend Flute]|h|r,|cffa335ee|Hitem:133304::::::::80:255::23:6:10389:6652:10383:10274:10036:10255:1:28:2462:::::|h[Gale of Shadows]|h|r,2,false,Miscellaneous,Trinket,,Daño-Thrall
Walduh-Thrall,9/28/24,20:08:18,1727593698-3,[Crunchy Intruder's Wristband],212426,item:212426::::::::80:254::5:7:6652:10877:10379:10355:10265:1511:10255:1:28:2462,Offspec,3,PRIEST,Nerub-ar Palace-Heroic,Ulgrax the Devourer,15,2657,21,|cffa335ee|Hitem:222815:7390:::::::80:254::13:10:10421:9633:8902:9627:10222:11109:8960:8793:11143:10876:10:28:2734:29:36:30:32:38:8:40:2350:46:211296:47:219506:48:222584:49:224072:51:226676:::::|h[Consecrated Cuffs |A:Professions-ChatIcon-Quality-Tier5:17:17::1|a]|h|r,,4,false,Cloth,Wrist,,Daño-Thrall
Walduh-Thrall,9/28/24,21:00:59,1727596859-21,[Venerated Slayer's Icon],225628,item:225628::::::::80:254::5:4:10370:10355:1517:10255:1:28:2723,Giga BiS,4,PRIEST,Nerub-ar Palace-Heroic,Nexus-Princess Ky'veza,15,2657,21,|cffa335ee|Hitem:219178:7536:::::::80:254::109:5:6652:10377:10270:3185:10255:1:28:2462:::::|h[Unkindled Waxweave Buskins]|h|r,,1,false,Armor Token,,SHEESH,Daño-Thrall
Ripkek-Thrall,9/14/24,21:55:22,1726390522-22,[Locket of Broken Memories],212448,item:212448::::::::80:255::5:7:6652:10395:10393:10355:10264:1514:10255:1:28:2462,Giga BiS,2,WARRIOR,Nerub-ar Palace-Heroic,Rasha'nan,15,2657,25,|cffa335ee|Hitem:221077::::::::80:255::23:8:10389:6652:10394:10393:10383:10274:1641:10255:1:28:2462:::::|h["Emergency Stop" Keychain]|h|r,,1,false,Miscellaneous,Neck,OMEGA BIS BEST STATS WOWHEAD MAN SAID SO,Daño-Thrall
Ripkek-Thrall,9/15/24,21:04:43,1726473883-5,[Treacherous Transmitter],221023,item:221023::::::::80:255::5:5:6652:10355:10263:1517:10255:1:28:2462,Giga BiS,3,WARRIOR,Nerub-ar Palace-Heroic,Nexus-Princess Ky'veza,15,2657,25,|cffa335ee|Hitem:225657::::::::80:255::109:4:6652:10270:3135:10255:1:28:2462:::::|h[Detachable Fang]|h|r,|cffa335ee|Hitem:219300::::::::80:255::23:6:10389:6652:10383:10274:1641:10255:1:28:2462:::::|h[Skarmorak Shard]|h|r,1,false,Miscellaneous,Trinket,BIS TRINKY :),Daño-Thrall
Ripkek-Thrall,9/21/24,20:14:26,1726989266-1,[Foul Behemoth's Chelicera],219915,item:219915::::::::80:255::5:5:6652:10355:10265:1511:10255:1:28:2462,Offspec,2,WARRIOR,Nerub-ar Palace-Heroic,Ulgrax the Devourer,15,2657,22,|cffa335ee|Hitem:225657::::::::80:255::109:4:6652:10270:3135:10255:1:28:2462:::::|h[Detachable Fang]|h|r,|cffa335ee|Hitem:221023::::::::80:255::5:5:6652:10355:10262:1520:10255:1:28:2462:::::|h[Treacherous Transmitter]|h|r,4,false,Miscellaneous,Trinket,i be tankin m+ :Eyes:,Daño-Thrall
Ripkek-Thrall,9/21/24,21:27:55,1726993675-24,[Zenith Slayer's Icon],225629,item:225629::::::::80:255::5:4:10370:10355:1517:10255:1:28:2723,Giga BiS,4,WARRIOR,Nerub-ar Palace-Heroic,Nexus-Princess Ky'veza,15,2657,21,|cffa335ee|Hitem:178701:7599:::::::80:255::33:7:10265:10390:6652:10377:10383:9919:10255:1:28:2462:::::|h[Gormshell Greaves]|h|r,,1,false,Armor Token,,this makes my 4 pc i have hands in bag,Daño-Thrall
Lra-Illidan,9/14/24,21:50:41,1726390241-15,[Locket of Broken Memories],212448,item:212448::::::::80:251::69:7:6652:10395:10392:10272:11215:1501:10255:1:28:2462,Personal Loot - Non tradeable,nil,DEATHKNIGHT,Nerub-ar Palace-Heroic,Rasha'nan,15,2657,25,,,PL,false,Miscellaneous,Neck,,Lra-Illidan
Lra-Illidan,9/16/24,20:52:10,1726559530-2,[Black Blood Injectors],212418,item:212418::::::::80:255::5:6:6652:10379:10355:10263:1517:10255:1:28:2462,Major Upgrade,4,DEATHKNIGHT,Nerub-ar Palace-Heroic,Broodtwister Ovi'nax,15,2657,21,|cffa335ee|Hitem:221086::::::::80:255::23:7:10278:10389:6652:10377:10383:1628:10255:1:28:2462:::::|h[Machinist's Searing Handguards]|h|r,,2,false,Plate,Hands,catalyst peice,Daño-Thrall
Lra-Illidan,9/16/24,20:55:35,1726559735-6,[Dreadful Blasphemer's Effigy],225614,item:225614::::::::80:255::5:3:10355:1517:10255,Giga BiS,3,DEATHKNIGHT,Nerub-ar Palace-Heroic,Broodtwister Ovi'nax,15,2657,21,|cffa335ee|Hitem:219158:7363:::::::80:255::109:5:41:10377:10270:3185:10255:1:28:2462:::::|h[Raiment of Hidden Stars]|h|r,,1,false,Armor Token,,1pc,Daño-Thrall
Lra-Illidan,9/21/24,20:42:40,1726990960-11,[Duelist's Dancing Steel],212392,item:212392::::::::80:255::5:5:6652:10355:10264:1514:10255:1:28:2462,Major Upgrade,5,DEATHKNIGHT,Nerub-ar Palace-Heroic,"Sikran, Captain of the Sureki",15,2657,22,|cffa335ee|Hitem:222442:3368:::::::80:255::13:9:10421:9633:8902:9627:8791:10222:11143:11300:8960:9:28:2734:29:32:30:49:38:8:40:2153:45:222593:46:211296:47:224072:48:226024:::::|h[Everforged Mace |A:Professions-ChatIcon-Quality-Tier5:17:17::1|a]|h|r,|cffa335ee|Hitem:221091:3847:::::::80:255::23:6:10389:6652:10384:10274:1641:10255:1:28:2462:::::|h[Cutting-Edge Sermon]|h|r,2,false,One-Handed Swords,One-Hand,"16k, oh wep",Daño-Thrall
Lra-Illidan,10/05/24,21:28:40,1728203320-9,[Ansurek's Final Judgment],212401,item:212401::::::::80:253::5:5:6652:10355:10262:1520:10255:1:28:2462,Giga BiS,4,DEATHKNIGHT,Khaz Algar (Surface)-,Queen Ansurek,0,2552,0,|cffa335ee|Hitem:222442:3368:::::::80:253::13:9:10421:9633:8902:9627:8791:10222:11144:11300:8960:9:28:2734:29:32:30:49:38:8:40:2153:45:222593:46:211296:47:224073:48:226024:::::|h[Everforged Mace |A:Professions-ChatIcon-Quality-Tier5:17:17::1|a]|h|r,|cffa335ee|Hitem:212392:3847:::::::80:253::5:5:6652:10355:10262:1520:10255:1:28:2462:::::|h[Duelist's Dancing Steel]|h|r,1,false,One-Handed Axes,One-Hand,BIS 6k dps lol,Daño-Thrall
Lockman-Thrall,9/14/24,21:55:09,1726390509-20,[Devotee's Discarded Headdress],212440,item:212440::::::::80:255::5:7:6652:10397:10379:10355:10264:1514:10255:1:28:2462,Giga BiS,3,WARLOCK,Nerub-ar Palace-Heroic,Rasha'nan,15,2657,25,|cffa335ee|Hitem:211011::::::::80:255::109:6:6652:10877:10377:10270:3185:10255:1:28:2462:::::|h[Cave Topographer's Cowl]|h|r,,1,false,Cloth,Head,BiS,Daño-Thrall
Lockman-Thrall,9/21/24,20:20:06,1726989606-0,[Bile-Soaked Harness],212419,item:212419::::::::80:255::5:6:43:10379:10355:10265:1511:10255:1:28:2462,Minor Upgrade,3,WARLOCK,Nerub-ar Palace-Heroic,Unknown,15,2657,22,|cffa335ee|Hitem:219182:7363:::::::80:255::109:5:6652:10377:10270:3185:10255:1:28:2462:::::|h[Unkindled Waxweave Garb]|h|r,,3,false,Cloth,Chest,,Daño-Thrall
Lockman-Thrall,9/21/24,20:42:04,1726990924-10,[Flawless Phase Blade],212405,item:212405::::::::80:255::5:5:6652:10355:10264:1514:10255:1:28:2462,Giga BiS,5,WARLOCK,Nerub-ar Palace-Heroic,"Sikran, Captain of the Sureki",15,2657,22,|cffa335ee|Hitem:219206:7462:::::::80:255::109:4:6652:10269:3189:10255:1:28:2462:::::|h[Hand of Piety]|h|r,|cffa335ee|Hitem:222566::::::::80:255::13:9:10421:9633:8902:9627:10222:11300:8960:8791:11143:9:28:2734:29:49:30:40:38:8:40:2249:45:211296:46:226024:47:222593:48:224072:::::|h[Vagabond's Torch |A:Professions-ChatIcon-Quality-Tier5:17:17::1|a]|h|r,1,false,One-Handed Swords,One-Hand,BiS in Heroic,Daño-Thrall
Lockman-Thrall,9/21/24,21:28:09,1726993689-25,[Bindings of the Starless Night],212441,item:212441::::::::80:255::5:6:6652:10379:10355:10263:1517:10255:1:28:2462,Major Upgrade,4,WARLOCK,Nerub-ar Palace-Heroic,Nexus-Princess Ky'veza,15,2657,21,|cffa335ee|Hitem:159237::::::::80:255::23:7:10389:42:10377:10383:10274:10014:10255:1:28:2462:::::|h[Captain's Dustfinders]|h|r,,2,false,Cloth,Hands,,Daño-Thrall
Lockman-Thrall,9/22/24,20:26:19,1727076379-1,[Dreadful Conniver's Badge],225622,item:225622::::::::80:255::5:4:10371:10355:1520:10255,Giga BiS,4,WARLOCK,Nerub-ar Palace-Heroic,The Silken Court,15,2657,23,|cffa335ee|Hitem:215169::::::::80:255::124:4:10265:6652:3289:10255:1:28:2462:::::|h[Everburning Lantern]|h|r,|cffa335ee|Hitem:178772::::::::80:255::33:6:10390:6652:10383:10269:9919:10255:1:28:2462:::::|h[Satchel of Misbegotten Minions]|h|r,1,false,Armor Token,,HC Tier,Daño-Thrall
Lockman-Thrall,9/28/24,20:20:33,1727594433-4,[Aberrant Spellforge],212451,item:212451::::::::80:254::5:5:41:10355:10265:1511:10255:1:28:2462,Major Upgrade,4,WARLOCK,Nerub-ar Palace-Heroic,The Bloodbound Horror,15,2657,21,|cffa335ee|Hitem:215169::::::::80:254::124:4:10265:6652:3289:10255:1:28:2462:::::|h[Everburning Lantern]|h|r,|cffa335ee|Hitem:225648::::::::80:254::109:5:6652:42:10269:3139:10255:1:28:2462:::::|h[Candle Confidant]|h|r,2,false,Miscellaneous,Trinket,,Daño-Thrall
Lockman-Thrall,9/28/24,21:20:16,1727598016-27,[Assimilated Eggshell Slippers],225582,item:225582::::::::80:254::5:6:6652:10379:10355:10263:1517:10255:1:28:2462,Giga BiS,2,WARLOCK,Nerub-ar Palace-Heroic,Broodtwister Ovi'nax,15,2657,20,|cffa335ee|Hitem:219181:7423:::::::80:254::109:5:6652:10377:10270:3185:10255:1:28:2462:::::|h[Unkindled Waxweave Slippers]|h|r,,1,false,Cloth,Feet,The Missing Piece,Daño-Thrall
Lockman-Thrall,9/28/24,21:30:26,1727598626-31,[Skeinspinner's Duplicitous Cuffs],225584,item:225584::::::::80:254::5:7:6652:10877:10379:10355:10262:1520:10255:1:28:2462,Giga BiS,4,WARLOCK,Nerub-ar Palace-Heroic,The Silken Court,15,2657,20,|cffa335ee|Hitem:219175:7384:::::::80:255::109:6:6652:10877:10377:10270:3185:10255:1:28:2462:::::|h[Unkindled Waxweave Clasps]|h|r,,1,false,Cloth,Wrist,The other missing piece!,Daño-Thrall
Nexxtar-Thrall,9/14/24,21:14:00,1726388040-7,[Scepter of Manifested Miasma],212404,item:212404::::::::80:255::5:5:6652:10355:10265:1511:10255:1:28:2462,Major Upgrade,2,PRIEST,Nerub-ar Palace-Heroic,The Bloodbound Horror,15,2657,25,|cffa335ee|Hitem:211047:7459:::::::80:255::109:4:6652:10270:1511:10255:1:28:2462:::::|h[Lapidarius Gemcutter]|h|r,|cffa335ee|Hitem:211041::::::::80:255::124:4:10265:6652:1515:10255:1:28:2462:::::|h[Brilliant Beacon]|h|r,2,false,One-Handed Maces,One-Hand,,Daño-Thrall
Nexxtar-Thrall,9/21/24,20:45:05,1726991105-12,[Sureki Zealot's Insignia],225577,item:225577::::::::80:255::5:7:42:10394:10393:10355:10256:1527:10255:1:28:2462,Giga BiS,3,PRIEST,Nerub-ar Palace-Heroic,"Sikran, Captain of the Sureki",15,2657,22,|cffa335ee|Hitem:219184::::::::80:255::109:6:6652:10395:10392:10270:3185:10255:1:28:2462:::::|h[Enkindled Locket]|h|r,,1,false,Miscellaneous,Neck,Just mega biss I guess,Daño-Thrall
Nexxtar-Thrall,9/28/24,21:38:01,1727599081-32,[Spymaster's Web],220202,item:220202::::::::80:254::5:5:6652:10355:10262:1520:10255:1:28:2462,Giga BiS,3,PRIEST,Nerub-ar Palace-Heroic,The Silken Court,15,2657,20,|cffa335ee|Hitem:178708::::::::80:255::16:7:10390:6652:10383:10264:9922:10255:6918:1:28:2462:::::|h[Unbound Changeling]|h|r,|cffa335ee|Hitem:215174::::::::80:255::109:4:6652:10268:3292:10255:1:28:2462:::::|h[Concoction: Kiss of Death]|h|r,1,false,Miscellaneous,Trinket,30k dps increase,Daño-Thrall
Nexxtar-Thrall,10/05/24,22:05:44,1728205544-11,[Web-Wrapped Curio],225634,item:225634::::::::80:253::5:3:10355:1520:10255,Minor Upgrade,4,PRIEST,Nerub-ar Palace-Mythic,Ulgrax the Devourer,16,2657,20,|cffa335ee|Hitem:212083::::::::80:253::5:7:10355:10371:6652:10876:10256:1527:10255:1:28:2462:::::|h[Living Luster's Semblance]|h|r,|cffa335ee|Hitem:212086:7363:::::::80:253::3:6:10354:10373:6652:10270:1507:10255:1:28:2462:::::|h[Living Luster's Raiment]|h|r,3,false,Context Token,,,Daño-Thrall
Daño-Thrall,9/15/24,21:01:06,1726473666-2,[Void Reaper's Contract],212456,item:212456::::::::80:255::69:5:6652:10271:11215:1504:10255:1:28:2462,Personal Loot - Non tradeable,nil,HUNTER,Nerub-ar Palace-Heroic,Nexus-Princess Ky'veza,15,2657,25,,,PL,false,Miscellaneous,Trinket,,Daño-Thrall
Daño-Thrall,9/15/24,21:04:32,1726473872-3,[Shade-Touched Silencer],212400,item:212400::::::::80:255::5:5:6652:10355:10263:1517:10255:1:28:2462,Offspec,3,HUNTER,Nerub-ar Palace-Heroic,Nexus-Princess Ky'veza,15,2657,25,|cffa335ee|Hitem:219204:7445:::::::80:255::109:4:10271:6652:3182:10255:1:28:2462:::::|h[Imperial Flarebolt]|h|r,,4,false,Crossbows,Ranged,,Daño-Thrall
Daño-Thrall,9/15/24,21:04:47,1726473887-6,[Void Reaper's Contract],212456,item:212456::::::::80:255::5:5:6652:10355:10263:1517:10255:1:28:2462,Giga BiS,3,HUNTER,Nerub-ar Palace-Heroic,Nexus-Princess Ky'veza,15,2657,25,|cffa335ee|Hitem:215178::::::::80:255::109:4:10271:6652:3282:10255:1:28:2462:::::|h[Shadow-Binding Ritual Knife]|h|r,|cffa335ee|Hitem:225649::::::::80:255::36:4:6652:10290:1665:10255:1:28:2462:::::|h[Quickwick Candlestick]|h|r,1,false,Miscellaneous,Trinket,BIS IN HEROIC,Daño-Thrall
Daño-Thrall,9/21/24,21:12:52,1726992772-20,[Spire of Transfused Horrors],212389,item:212389::::::::80:255::5:5:6652:10355:10263:1517:10255:1:28:2462,Major Upgrade,5,HUNTER,Nerub-ar Palace-Heroic,Broodtwister Ovi'nax,15,2657,22,|cffa335ee|Hitem:219204:7445:::::::80:255::109:4:6652:10266:3198:10255:1:28:2462:::::|h[Imperial Flarebolt]|h|r,,2,false,Staves,Two-Hand,,Daño-Thrall
Daño-Thrall,9/22/24,20:26:37,1727076397-2,[Whispering Voidlight Spaulders],212429,item:212429::::::::80:255::5:6:6652:10379:10355:10262:1520:10255:1:28:2462,Giga BiS,4,HUNTER,Nerub-ar Palace-Heroic,The Silken Court,15,2657,23,|cffa335ee|Hitem:178695::::::::80:255::23:7:10389:6652:10377:10383:10274:9891:10255:1:28:2462:::::|h[Wintersnap Shoulderguards]|h|r,,1,false,Mail,Shoulder,catalyst 3rd piece ,Daño-Thrall
Daño-Thrall,9/28/24,20:35:46,1727595346-10,[Sikran's Endless Arsenal],212449,item:212449::::::::80:254::5:5:6652:10355:10264:1514:10255:1:28:2462,Minor Upgrade,3,HUNTER,Nerub-ar Palace-Heroic,"Sikran, Captain of the Sureki",15,2657,21,|cffa335ee|Hitem:215178::::::::80:254::109:4:6652:10269:3289:10255:1:28:2462:::::|h[Shadow-Binding Ritual Knife]|h|r,|cffa335ee|Hitem:212456::::::::80:254::5:5:6652:10355:10262:1520:10255:1:28:2462:::::|h[Void Reaper's Contract]|h|r,3,false,Miscellaneous,Trinket,,Daño-Thrall
Daño-Thrall,9/28/24,20:59:35,1727596775-20,[Treacherous Transmitter],221023,item:221023::::::::80:254::5:5:6652:10355:10263:1517:10255:1:28:2462,Giga BiS,4,HUNTER,Nerub-ar Palace-Heroic,Nexus-Princess Ky'veza,15,2657,21,|cffa335ee|Hitem:215178::::::::80:254::109:4:6652:10269:3289:10255:1:28:2462:::::|h[Shadow-Binding Ritual Knife]|h|r,|cffa335ee|Hitem:212456::::::::80:254::5:5:6652:10355:10262:1520:10255:1:28:2462:::::|h[Void Reaper's Contract]|h|r,1,false,Miscellaneous,Trinket,bis MM,Daño-Thrall
Daño-Thrall,10/05/24,21:28:46,1728203326-10,[Clutches of Paranoia],212436,item:212436::::::::80:253::5:6:6652:10379:10355:10262:1520:10255:1:28:2462,Major Upgrade,4,HUNTER,Khaz Algar (Surface)-,Queen Ansurek,0,2552,0,|cffa335ee|Hitem:212021::::::::80:253::3:6:10354:10372:6652:10268:1514:10255:1:28:2462:::::|h[Lightless Scavenger's Mitts]|h|r,,2,false,Mail,Hands,"PROBABLY CATALYST, UP A TRACK",Daño-Thrall
Parsak-Thrall,9/21/24,20:28:37,1726990117-5,[Key to the Unseeming],212447,item:212447::::::::80:255::5:7:6652:10394:10392:10355:10265:1511:10255:1:28:2462,Giga BiS,4,PALADIN,Nerub-ar Palace-Heroic,The Bloodbound Horror,15,2657,22,|cffa335ee|Hitem:133286:7343:::::::80:255::23:8:10389:6652:10394:10393:10383:10274:10036:10255:1:28:2462:::::|h[Umbriss Band]|h|r,|cffa335ee|Hitem:133299:7343:213508::::::80:255::23:8:10389:6652:10395:10878:10383:10274:10036:10255:1:28:2462:::::|h[Circle of Bone]|h|r,1,false,Miscellaneous,Finger,bis stats and i got veteran rings,Daño-Thrall
Parsak-Thrall,9/21/24,21:12:41,1726992761-19,[Venerated Blasphemer's Effigy],225616,item:225616::::::::80:255::5:3:10355:1517:10255,Giga BiS,4,PALADIN,Nerub-ar Palace-Heroic,Broodtwister Ovi'nax,15,2657,22,|cffa335ee|Hitem:231827:7363:::::::80:255::16:7:10390:6652:10377:10383:10266:1654:10255:1:28:2462:::::|h[Harpooner's Plate Cuirass]|h|r,,1,false,Armor Token,,I'll have 4 piece,Daño-Thrall
Parsak-Thrall,9/28/24,20:21:58,1727594518-5,[Boots of the Black Bulwark],225590,item:225590::::::::80:254::5:6:6652:10379:10355:10265:1511:10255:1:28:2462,Major Upgrade,3,PALADIN,Nerub-ar Palace-Heroic,The Bloodbound Horror,15,2657,21,|cffa335ee|Hitem:211031:6606:::::::80:254::109:5:6652:10377:10270:3185:10255:1:28:2462:::::|h[Secret-Dredger's Sabatons]|h|r,,2,false,Plate,Feet,,Daño-Thrall
Parsak-Thrall,9/28/24,20:34:36,1727595276-9,[Venerated Stalwart's Emblem],225620,item:225620::::::::80:254::5:4:10372:10355:1514:10255,Major Upgrade,5,PALADIN,Nerub-ar Palace-Heroic,"Sikran, Captain of the Sureki",15,2657,21,|cffa335ee|Hitem:159429::::::::80:254::23:7:10389:6652:10377:10383:10274:10014:10255:1:28:2462:::::|h[Rope-Scored Gauntlets]|h|r,,2,false,Armor Token,,,Daño-Thrall
Parsak-Thrall,9/28/24,21:20:13,1727598013-26,[Black Blood Injectors],212418,item:212418::::::::80:254::5:6:6652:10379:10355:10263:1517:10255:1:28:2462,Minor Upgrade,1,PALADIN,Nerub-ar Palace-Heroic,Broodtwister Ovi'nax,15,2657,20,|cffa335ee|Hitem:211994::::::::80:254::5:6:10264:10355:10372:6652:1514:10255:1:28:2462:::::|h[Entombed Seraph's Castigation]|h|r,,3,false,Plate,Hands,,Daño-Thrall
Legèndairy-Thrall,9/21/24,20:28:40,1726990120-6,[Blood-Kissed Kukri],212395,item:212395::::::::80:255::5:5:6652:10355:10265:1511:10255:1:28:2462,Major Upgrade,5,ROGUE,Nerub-ar Palace-Heroic,The Bloodbound Horror,15,2657,22,|cffa335ee|Hitem:219355:7459:::::::80:255::109:4:6652:10266:1524:10255:1:28:2462:::::|h[Bedrock Breaker]|h|r,|cffa335ee|Hitem:225636:7459:::::::80:255::3:5:6652:10354:10266:1520:10255:1:28:2462:::::|h[Regicide]|h|r,2,false,Daggers,One-Hand,,Daño-Thrall
Legèndairy-Thrall,9/21/24,20:56:02,1726991762-17,[Devotee's Discarded Headdress],212440,item:212440::::::::80:255::5:7:6652:10876:10379:10355:10264:1514:10255:1:28:2462,Disenchant,0,ROGUE,Nerub-ar Palace-Heroic,Rasha'nan,15,2657,21,|cffa335ee|Hitem:212038::::::::80:255::124:5:6652:10876:10265:10371:1511:1:28:2462:::::|h[K'areshi Phantom's Emptiness]|h|r,,1,true,Cloth,Head,,Daño-Thrall
Legèndairy-Thrall,9/28/24,20:08:05,1727593685-2,[Venom-Etched Claw],212409,item:212409::::::::80:254::5:5:6652:10355:10265:1511:10255:1:28:2462,Major Upgrade,5,ROGUE,Nerub-ar Palace-Heroic,Ulgrax the Devourer,15,2657,21,|cffa335ee|Hitem:212395:7460:::::::80:254::5:5:6652:10355:10256:1527:10255:1:28:2462:::::|h[Blood-Kissed Kukri]|h|r,|cffa335ee|Hitem:225636:7460:::::::80:254::5:5:6652:10355:10261:1524:10255:1:28:2462:::::|h[Regicide]|h|r,2,false,Fist Weapons,One-Hand,,Daño-Thrall
Legèndairy-Thrall,9/28/24,20:22:13,1727594533-7,[Blood-Kissed Kukri],212395,item:212395::::::::80:254::5:5:6652:10355:10265:1511:10255:1:28:2462,Offspec,5,ROGUE,Nerub-ar Palace-Heroic,The Bloodbound Horror,15,2657,21,|cffa335ee|Hitem:212395:7460:::::::80:254::5:5:6652:10355:10256:1527:10255:1:28:2462:::::|h[Blood-Kissed Kukri]|h|r,|cffa335ee|Hitem:225636:7460:::::::80:254::5:5:6652:10355:10261:1524:10255:1:28:2462:::::|h[Regicide]|h|r,4,false,Daggers,One-Hand,,Daño-Thrall
Legèndairy-Thrall,9/28/24,20:46:10,1727595970-15,[Bludgeons of Blistering Wind],212398,item:212398::::::::80:254::5:5:6652:10355:10264:1514:10255:1:28:2462,Offspec,2,ROGUE,Nerub-ar Palace-Heroic,Rasha'nan,15,2657,21,|cffa335ee|Hitem:212395:7460:::::::80:254::5:5:6652:10355:10256:1527:10255:1:28:2462:::::|h[Blood-Kissed Kukri]|h|r,|cffa335ee|Hitem:225636:7460:::::::80:254::5:5:6652:10355:10261:1524:10255:1:28:2462:::::|h[Regicide]|h|r,4,false,One-Handed Maces,One-Hand,,Daño-Thrall
Legèndairy-Thrall,9/28/24,21:17:37,1727597857-24,[Zenith Blasphemer's Effigy],225617,item:225617::::::::80:254::5:3:10355:1517:10255,Offspec,3,ROGUE,Nerub-ar Palace-Heroic,Broodtwister Ovi'nax,15,2657,20,|cffa335ee|Hitem:212041:7364:::::::80:254::35:6:10373:10264:10390:6652:1514:10255:1:28:2462:::::|h[K'areshi Phantom's Nexus Wraps]|h|r,,4,false,Armor Token,,socket,Daño-Thrall
Legèndairy-Thrall,9/28/24,21:17:40,1727597860-25,[Zenith Blasphemer's Effigy],225617,item:225617::::::::80:254::5:3:10355:1517:10255,Offspec,3,ROGUE,Nerub-ar Palace-Heroic,Broodtwister Ovi'nax,15,2657,20,|cffa335ee|Hitem:212041:7364:::::::80:254::35:6:10373:10264:10390:6652:1514:10255:1:28:2462:::::|h[K'areshi Phantom's Nexus Wraps]|h|r,,4,false,Armor Token,,socket,Daño-Thrall
Legèndairy-Thrall,9/28/24,21:30:20,1727598620-29,[Zenith Conniver's Badge],225625,item:225625::::::::80:254::5:4:10371:10355:1520:10255,Offspec,2,ROGUE,Nerub-ar Palace-Heroic,The Silken Court,15,2657,20,|cffa335ee|Hitem:221163::::::::80:255::16:8:10390:6652:10876:10377:10383:10267:1651:10255:1:28:2462:::::|h[Whispering Mask]|h|r,,4,false,Armor Token,,,Daño-Thrall
Legèndairy-Thrall,10/05/24,20:17:33,1728199053-0,[Zenith Conniver's Badge],225625,item:225625::::::::80:255::5:4:10371:10355:1520:10255,Offspec,2,ROGUE,Nerub-ar Palace-Heroic,The Silken Court,15,2657,20,|cffa335ee|Hitem:212038::::::::80:254::5:7:10262:10355:10371:6652:10877:1520:10255:1:28:2462:::::|h[K'areshi Phantom's Emptiness]|h|r,,4,false,Armor Token,,,Daño-Thrall
Legèndairy-Thrall,10/05/24,20:18:02,1728199082-1,[Thousand-Scar Impalers],212432,item:212432::::::::80:255::5:6:6652:10379:10355:10262:1520:10255:1:28:2462,Offspec,4,ROGUE,Nerub-ar Palace-Heroic,The Silken Court,15,2657,20,|cffa335ee|Hitem:212039::::::::80:254::3:6:10354:10372:6652:10268:1514:10255:1:28:2462:::::|h[K'areshi Phantom's Grips]|h|r,,4,false,Leather,Hands,,Daño-Thrall
Legèndairy-Thrall,10/05/24,20:18:04,1728199084-2,[Thousand-Scar Impalers],212432,item:212432::::::::80:255::5:6:6652:10379:10355:10262:1520:10255:1:28:2462,Offspec,2,ROGUE,Nerub-ar Palace-Heroic,The Silken Court,15,2657,20,|cffa335ee|Hitem:212039::::::::80:254::3:6:10354:10372:6652:10268:1514:10255:1:28:2462:::::|h[K'areshi Phantom's Grips]|h|r,,4,false,Leather,Hands,,Daño-Thrall
Legèndairy-Thrall,10/05/24,21:24:10,1728203050-6,[Acrid Ascendant's Sash],225585,item:225585::::::::80:260::69:7:40:10877:10377:10270:11215:1507:10255:1:28:2462,Personal Loot - Non tradeable,nil,ROGUE,Nerub-ar Palace-Heroic,Queen Ansurek,15,2657,20,,,PL,false,Cloth,Waist,,Legèndairy-Thrall
Legèndairy-Thrall,10/05/24,21:26:01,1728203161-7,[Voidspoken Sarong],212434,item:212434::::::::80:253::5:6:6652:10379:10355:10262:1520:10255:1:28:2462,Disenchant,0,ROGUE,Nerub-ar Palace-Heroic,Queen Ansurek,15,2657,18,|cffa335ee|Hitem:212037:7601:::::::80:253::5:6:10263:10355:10370:6652:1517:10255:1:28:2462:::::|h[K'areshi Phantom's Leggings]|h|r,,1,true,Cloth,Legs,,Daño-Thrall
Legèndairy-Thrall,10/05/24,21:28:09,1728203289-8,[Omnivore's Venomous Camouflage],212433,item:212433::::::::80:253::5:6:6652:10379:10355:10262:1520:10255:1:28:2462,Offspec,4,ROGUE,Khaz Algar (Surface)-,Queen Ansurek,0,2552,0,|cffa335ee|Hitem:212041:7364:::::::80:253::35:6:10373:10390:6652:10262:1520:10255:1:28:2462:::::|h[K'areshi Phantom's Nexus Wraps]|h|r,,4,false,Leather,Chest,,Daño-Thrall
Callíope-Thrall,9/21/24,20:46:00,1726991160-13,[Sikran's Endless Arsenal],212449,item:212449::::::::80:255::5:5:6652:10355:10264:1514:10255:1:28:2462,Minor Upgrade,1,DEMONHUNTER,Nerub-ar Palace-Heroic,"Sikran, Captain of the Sureki",15,2657,22,|cffa335ee|Hitem:178742::::::::80:255::16:6:10390:6652:10383:10269:9919:10255:1:28:2462:::::|h[Bottled Flayedwing Toxin]|h|r,|cffa335ee|Hitem:212456::::::::80:255::3:5:6652:10354:10269:1511:10255:1:28:2462:::::|h[Void Reaper's Contract]|h|r,3,false,Miscellaneous,Trinket,,Daño-Thrall
Pmzr-Thrall,9/28/24,20:59:26,1727596766-18,[Nether Bounty's Greatbelt],225589,item:225589::::::::80:254::5:7:42:10876:10379:10355:10263:1517:10255:1:28:2462,Giga BiS,4,PALADIN,Nerub-ar Palace-Heroic,Nexus-Princess Ky'veza,15,2657,21,|cffa335ee|Hitem:219152::::::::80:254::109:6:6652:10876:10377:10270:3185:10255:1:28:2462:::::|h[Charmbelt of Hidden Stars]|h|r,,1,false,Plate,Waist,+10ilvl,Daño-Thrall
Shazamda-Thrall,9/14/24,21:14:08,1726388048-8,[Scepter of Manifested Miasma],212404,item:212404::::::::80:255::5:5:6652:10355:10265:1511:10255:1:28:2462,Major Upgrade,2,SHAMAN,Nerub-ar Palace-Heroic,The Bloodbound Horror,15,2657,25,|cffa335ee|Hitem:211047:7441:::::::80:255::109:4:6652:10270:1511:10255:1:28:2462:::::|h[Lapidarius Gemcutter]|h|r,|cffa335ee|Hitem:219200::::::::80:255::109:4:42:10270:3185:10255:1:28:2462:::::|h[Unscathed Rampart]|h|r,2,false,One-Handed Maces,One-Hand,,Daño-Thrall
Shazamda-Thrall,9/21/24,20:14:12,1726989252-0,[Final Meal's Horns],212428,item:212428::::::::80:255::5:7:6652:10876:10379:10355:10265:1511:10255:1:28:2462,Giga BiS,3,SHAMAN,Nerub-ar Palace-Heroic,Ulgrax the Devourer,15,2657,22,|cffa335ee|Hitem:133285::::::::80:255::23:8:10389:6652:10877:10377:10383:10274:10036:10255:1:28:2462:::::|h[Wildhammer Riding Helm]|h|r,,1,false,Mail,Head,bis helm,Daño-Thrall
Froze-Thrall,9/14/24,21:14:15,1726388055-9,[Creeping Coagulum],219917,item:219917::::::::80:255::5:5:6652:10355:10265:1511:10255:1:28:2462,Giga BiS,3,PALADIN,Nerub-ar Palace-Heroic,The Bloodbound Horror,15,2657,25,|cffa335ee|Hitem:219312::::::::80:255::23:6:10389:6652:10383:10274:1641:10255:1:28:2462:::::|h[Empowering Crystal of Anub'ikkaj]|h|r,|cffa335ee|Hitem:219305::::::::80:255::2:5:10388:6652:10290:1628:10255:1:28:2462:::::|h[Carved Blazikon Wax]|h|r,1,false,Miscellaneous,Trinket,bis heroic,Daño-Thrall
Froze-Thrall,9/15/24,21:04:37,1726473877-4,[Nether Bounty's Greatbelt],225589,item:225589::::::::80:255::5:7:6652:10877:10379:10355:10263:1517:10255:1:28:2462,Giga BiS,2,PALADIN,Nerub-ar Palace-Heroic,Nexus-Princess Ky'veza,15,2657,25,|cffa335ee|Hitem:133289::::::::80:255::23:8:10389:6652:10876:10377:10383:10277:10027:10255:1:28:2462:::::|h[Belt of the Forgemaster]|h|r,,1,false,Plate,Waist,bis heroic mode,Daño-Thrall
Froze-Thrall,9/21/24,20:41:15,1726990875-8,[Visor of the Ascended Captain],212427,item:212427::::::::80:255::5:7:6652:10876:10379:10355:10264:1514:10255:1:28:2462,Major Upgrade,5,PALADIN,Nerub-ar Palace-Heroic,"Sikran, Captain of the Sureki",15,2657,22,|cffa335ee|Hitem:221146::::::::80:255::16:8:10390:6652:10876:10377:10383:10270:1641:10255:1:28:2462:::::|h[Soaring Behemoth's Greathelm]|h|r,,2,false,Plate,Head,need tier,Daño-Thrall
Froze-Thrall,9/28/24,20:34:24,1727595264-8,[Flawless Phase Blade],212405,item:212405::::::::80:254::5:5:6652:10355:10264:1514:10255:1:28:2462,Giga BiS,4,PALADIN,Nerub-ar Palace-Heroic,"Sikran, Captain of the Sureki",15,2657,21,|cffa335ee|Hitem:222444:7454:::::::80:254::13:9:10421:9633:8902:9627:8793:10222:11143:11300:8960:9:28:2734:29:49:30:32:38:8:40:2155:45:222584:46:211296:47:224072:48:226024:::::|h[Charged Hexsword |A:Professions-ChatIcon-Quality-Tier5:17:17::1|a]|h|r,|cffa335ee|Hitem:225579::::::::80:254::3:5:6652:10354:10266:1520:10255:1:28:2462:::::|h[Crest of the Caustic Despot]|h|r,1,false,One-Handed Swords,One-Hand,bis heroic,Daño-Thrall
Froze-Thrall,10/05/24,20:19:44,1728199184-3,[Anub'arash's Colossal Mandible],212407,item:212407::::::::80:255::5:5:6652:10355:10262:1520:10255:1:28:2462,Offspec,3,PALADIN,Nerub-ar Palace-Heroic,The Silken Court,15,2657,20,|cffa335ee|Hitem:222444:7454:::::::80:254::13:9:10421:9633:8902:9627:8793:10222:11143:11300:8960:9:28:2734:29:49:30:32:38:8:40:2155:45:222584:46:211296:47:224072:48:226024:::::|h[Charged Hexsword |A:Professions-ChatIcon-Quality-Tier5:17:17::1|a]|h|r,|cffa335ee|Hitem:225579::::::::80:254::3:5:6652:10354:10266:1520:10255:1:28:2462:::::|h[Crest of the Caustic Despot]|h|r,4,false,Two-Handed Axes,Two-Hand,,Daño-Thrall
Anachronus-Thrall,9/15/24,20:59:55,1726473595-0,[Nether Bounty's Greatbelt],225589,item:225589::::::::80:1473::69:7:6652:10877:10377:10271:11215:1504:10255:1:28:2462,Personal Loot - Non tradeable,nil,EVOKER,Nerub-ar Palace-Heroic,Nexus-Princess Ky'veza,15,2657,25,,,PL,false,Plate,Waist,,Anachronus-Thrall
Anachronus-Thrall,9/21/24,20:29:14,1726990154-7,[Aberrant Spellforge],212451,item:212451::::::::80:255::5:5:6652:10355:10265:1511:10255:1:28:2462,Giga BiS,3,EVOKER,Nerub-ar Palace-Heroic,The Bloodbound Horror,15,2657,22,|cffa335ee|Hitem:225651::::::::80:255::109:4:6652:10270:3135:10255:1:28:2462:::::|h[Kaheti Shadeweaver's Emblem]|h|r,|cffa335ee|Hitem:225649::::::::80:255::109:5:6652:42:10270:3135:10255:1:28:2462:::::|h[Quickwick Candlestick]|h|r,1,false,Miscellaneous,Trinket,Single Target BIS,Daño-Thrall
Anachronus-Thrall,9/21/24,21:25:21,1726993521-23,[Fleeting Massacre Footpads],225591,item:225591::::::::80:1468::69:6:6652:10377:10271:11215:1504:10255:1:28:2462,Personal Loot - Non tradeable,nil,EVOKER,Nerub-ar Palace-Heroic,Nexus-Princess Ky'veza,15,2657,22,,,PL,false,Leather,Feet,,Anachronus-Thrall
Anachronus-Thrall,9/21/24,21:29:12,1726993752-27,[Ky'veza's Covert Clasps],225581,item:225581::::::::80:255::5:7:6652:10876:10379:10355:10263:1517:10255:1:28:2462,Giga BiS,5,EVOKER,Nerub-ar Palace-Heroic,Nexus-Princess Ky'veza,15,2657,21,|cffa335ee|Hitem:219159:7396:213458::::::80:255::109:6:6652:10397:10377:10270:3185:10255:1:28:2462:::::|h[Wrist Bindings of the Stygian Sea]|h|r,,1,false,Mail,Wrist,"BIS Dev, Major Upgrade aug/pres",Daño-Thrall
Anachronus-Thrall,10/05/24,21:24:06,1728203046-5,[Clutches of Paranoia],212436,item:212436::::::::80:1468::69:6:6652:10377:10270:11215:1507:10255:1:28:2462,Personal Loot - Non tradeable,nil,EVOKER,Nerub-ar Palace-Heroic,Queen Ansurek,15,2657,20,,,PL,false,Mail,Hands,,Anachronus-Thrall
Elkinblood-Thrall,9/28/24,20:48:13,1727596093-16,[Wings of Shattered Sorrow],225574,item:225574::::::::80:254::5:6:6652:10379:10355:10256:1527:10255:1:28:2462,Major Upgrade,4,DEATHKNIGHT,Nerub-ar Palace-Heroic,Rasha'nan,15,2657,21,|cffa335ee|Hitem:171486:7402:::::::80:254::81:6:10265:7756:10376:8902:10017:10255:1:28:2462:::::|h[Sunshower Light Cloak]|h|r,,2,false,Cloth,Back,,Daño-Thrall
Elkinblood-Thrall,9/28/24,21:30:23,1727598623-30,[Anub'arash's Colossal Mandible],212407,item:212407::::::::80:254::5:5:6652:10355:10262:1520:10255:1:28:2462,Giga BiS,4,DEATHKNIGHT,Nerub-ar Palace-Heroic,The Silken Court,15,2657,20,|cffa335ee|Hitem:212407:3368:::::::80:255::3:5:43:10354:10268:1514:10255:1:28:2462:::::|h[Anub'arash's Colossal Mandible]|h|r,,1,false,Two-Handed Axes,Two-Hand,bis weapon till mythic ,Daño-Thrall
Wrovras-Thrall,9/14/24,21:13:12,1726387992-5,[Key to the Unseeming],212447,item:212447::::::::80:255::5:7:6652:10395:10393:10355:10265:1511:10255:1:28:2462,Giga BiS,3,WARLOCK,Nerub-ar Palace-Heroic,The Bloodbound Horror,15,2657,25,|cffa335ee|Hitem:218708:7339:::::::80:255::14:7:11086:10837:10832:11087:10270:1494:10255:1:28:2462:::::|h[Forged Gladiator's Band]|h|r,|cffa335ee|Hitem:215130:7337:213454::::::80:255::13:8:11295:11296:4785:10878:10394:9627:8790:11142:7:28:2734:29:49:30:36:38:8:40:1273:45:222587:46:224069:::::|h[Malleable Band |A:Professions-ChatIcon-Quality-Tier5:17:17::1|a]|h|r,1,false,Miscellaneous,Finger,BIS ring,Daño-Thrall
Wrovras-Thrall,9/21/24,20:53:10,1726991590-14,[Devotee's Discarded Headdress],212440,item:212440::::::::80:255::5:7:6652:10877:10379:10355:10264:1514:10255:1:28:2462,Giga BiS,4,WARLOCK,Nerub-ar Palace-Heroic,Rasha'nan,15,2657,22,|cffa335ee|Hitem:212074::::::::80:255::3:7:10270:10354:10371:6652:10877:1507:10255:1:28:2462:::::|h[Hexflame Coven's All-Seeing Eye]|h|r,,1,false,Cloth,Head,BIS,Daño-Thrall
Wrovras-Thrall,9/22/24,20:27:53,1727076473-5,[Spymaster's Web],220202,item:220202::::::::80:255::5:5:6652:10355:10262:1520:10255:1:28:2462,Giga BiS,4,WARLOCK,Nerub-ar Palace-Heroic,The Silken Court,15,2657,23,|cffa335ee|Hitem:215174::::::::80:255::108:4:10263:6652:3295:10255:1:28:2462:::::|h[Concoction: Kiss of Death]|h|r,|cffa335ee|Hitem:219314::::::::80:255::23:6:10389:6652:10383:10274:1641:10255:1:28:2462:::::|h[Ara-Kara Sacbrood]|h|r,1,false,Miscellaneous,Trinket,wdddwddwadadwaws,Daño-Thrall
Wrovras-Thrall,9/28/24,20:45:13,1727595913-12,[Sureki Zealot's Insignia],225577,item:225577::::::::80:254::5:7:6652:10395:10878:10355:10256:1527:10255:1:28:2462,Giga BiS,4,WARLOCK,Nerub-ar Palace-Heroic,Rasha'nan,15,2657,21,|cffa335ee|Hitem:215144::::::::80:254::13:6:11318:10837:10833:9627:10842:8790:7:28:2734:29:32:30:49:38:8:40:1281:43:210233:45:222587:::::|h[Algari Competitor's Amulet |A:Professions-ChatIcon-Quality-Tier5:17:17::1|a]|h|r,,1,false,Miscellaneous,Neck,giga bis pt 2,Daño-Thrall
Gagbag-Thrall,9/14/24,21:29:07,1726388947-11,[Mystic Stalwart's Emblem],225619,item:225619::::::::80:255::5:4:10372:10355:1514:10255,Giga BiS,3,DRUID,Nerub-ar Palace-Heroic,"Sikran, Captain of the Sureki",15,2657,25,|cff0070dd|Hitem:221180::::::::80:255::2:5:10388:6652:10294:1615:10254:1:28:2462:::::|h[Gorebound Stranglers]|h|r,,1,false,Armor Token,,4 piece is bis,Daño-Thrall
Gagbag-Thrall,9/21/24,21:29:33,1726993773-28,[Fleeting Massacre Footpads],225591,item:225591::::::::80:255::5:6:6652:10379:10355:10263:1517:10255:1:28:2462,Minor Upgrade,3,DRUID,Nerub-ar Palace-Heroic,Nexus-Princess Ky'veza,15,2657,22,|cffa335ee|Hitem:157614:7423:::::::80:255::16:7:10265:10390:6652:10377:10383:10040:10255:1:28:2462:::::|h[Flame Invoker's Treads]|h|r,,3,false,Leather,Feet,,Daño-Thrall
Gagbag-Thrall,9/22/24,20:26:48,1727076408-4,[Thousand-Scar Impalers],212432,item:212432::::::::80:255::5:6:6652:10379:10355:10262:1520:10255:1:28:2462,Minor Upgrade,4,DRUID,Nerub-ar Palace-Heroic,The Silken Court,15,2657,23,|cffa335ee|Hitem:212057::::::::80:255::5:6:10264:10355:10372:6652:1514:10255:1:28:2462:::::|h[Eviscerators of the Greatlynx]|h|r,,3,false,Leather,Hands,,Daño-Thrall
Ellaments-Thrall,9/14/24,21:54:44,1726390484-18,[Bludgeons of Blistering Wind],212398,item:212398::::::::80:255::5:5:6652:10355:10264:1514:10255:1:28:2462,Major Upgrade,1,SHAMAN,Nerub-ar Palace-Heroic,Rasha'nan,15,2657,25,|cffa335ee|Hitem:219355:7459:::::::80:255::109:4:6652:10270:1511:10255:1:28:2462:::::|h[Bedrock Breaker]|h|r,|cffa335ee|Hitem:219208:7459:::::::80:255::109:4:41:10270:3185:10255:1:28:2462:::::|h[Pyretic Star]|h|r,2,false,One-Handed Maces,One-Hand,,Daño-Thrall
Ellaments-Thrall,9/16/24,20:54:39,1726559679-5,[Accelerated Ascension Coil],225580,item:225580::::::::80:255::5:7:6652:10876:10379:10355:10263:1517:10255:1:28:2462,Minor Upgrade,3,SHAMAN,Nerub-ar Palace-Heroic,Broodtwister Ovi'nax,15,2657,21,|cffa335ee|Hitem:159386::213481::::::80:255::23:8:10389:6652:10397:10377:10383:10274:10014:10255:1:28:2462:::::|h[Anchor Chain Girdle]|h|r,,3,false,Mail,Waist,,Daño-Thrall
Ellaments-Thrall,9/21/24,20:41:30,1726990890-9,[Venerated Stalwart's Emblem],225620,item:225620::::::::80:255::5:4:10372:10355:1514:10255,Giga BiS,4,SHAMAN,Nerub-ar Palace-Heroic,"Sikran, Captain of the Sureki",15,2657,22,|cffa335ee|Hitem:217140::::::::80:255::13:4:11318:9627:10842:8793:7:28:2734:29:36:30:49:38:8:40:1311:43:210233:45:222584:::::|h[Algari Competitor's Chain Gauntlets |A:Professions-ChatIcon-Quality-Tier5:17:17::1|a]|h|r,,1,false,Armor Token,,"2 Tier pieces, 3rd on tuesday 4pc is a 90k dps inc at 619 >:(",Daño-Thrall
Ellaments-Thrall,9/21/24,20:53:34,1726991614-16,[Venerated Obscenity's Idol],225632,item:225632::::::::80:255::5:4:10369:10355:1514:10255,Giga BiS,3,SHAMAN,Nerub-ar Palace-Heroic,Rasha'nan,15,2657,22,|cffa335ee|Hitem:221140::::::::80:255::33:7:10265:10390:6652:10377:10383:1645:10255:1:28:2462:::::|h[Shadowblight Mantle]|h|r,,1,false,Armor Token,,Would give me 4pc right now if I go catalyze :) 70-90kdps :eyes:,Daño-Thrall
Ellaments-Thrall,9/21/24,21:28:24,1726993704-26,[Regicide],225636,item:225636::::::::80:255::5:5:6652:10355:10263:1517:10255:1:28:2462,Offspec,3,SHAMAN,Nerub-ar Palace-Heroic,Nexus-Princess Ky'veza,15,2657,21,|cffa335ee|Hitem:212398:7459:::::::80:255::5:5:6652:10355:10262:1520:10255:1:28:2462:::::|h[Bludgeons of Blistering Wind]|h|r,|cffa335ee|Hitem:159973:7459:::::::80:255::33:6:10265:10390:6652:10384:10018:10255:1:28:2462:::::|h[Boarder's Billy Club]|h|r,4,false,Daggers,One-Hand,,Daño-Thrall
Ellaments-Thrall,9/28/24,20:07:52,1727593672-1,[Final Meal's Horns],212428,item:212428::::::::80:254::5:7:6652:10877:10379:10355:10265:1511:10255:1:28:2462,Offspec,3,SHAMAN,Nerub-ar Palace-Heroic,Ulgrax the Devourer,15,2657,21,|cffa335ee|Hitem:212011::::::::80:254::5:7:10355:10371:6652:10876:10261:1524:10255:1:28:2462:::::|h[Noetic of the Forgotten Reservoir]|h|r,,4,false,Mail,Head,transmog,Daño-Thrall
Ellaments-Thrall,9/28/24,20:22:06,1727594526-6,[Blood-Kissed Kukri],212395,item:212395::::::::80:254::5:5:6652:10355:10265:1511:10255:1:28:2462,Offspec,3,SHAMAN,Nerub-ar Palace-Heroic,The Bloodbound Horror,15,2657,21,|cffa335ee|Hitem:222442:7460:::::::80:254::13:9:10421:9633:8902:9627:8793:10222:11144:11300:8960:9:28:2734:29:36:30:32:38:8:40:2153:45:222584:46:211296:47:224073:48:226024:::::|h[Everforged Mace |A:Professions-ChatIcon-Quality-Tier5:17:17::1|a]|h|r,|cffa335ee|Hitem:212398:7459:::::::80:254::5:5:6652:10355:10262:1520:10255:1:28:2462:::::|h[Bludgeons of Blistering Wind]|h|r,4,false,Daggers,One-Hand,transmog,Daño-Thrall
Mushtree-Thrall,9/14/24,21:28:58,1726388938-10,[Mystic Stalwart's Emblem],225619,item:225619::::::::80:255::5:4:10372:10355:1514:10255,Giga BiS,3,DRUID,Nerub-ar Palace-Heroic,"Sikran, Captain of the Sureki",15,2657,25,|cffa335ee|Hitem:159968::::::::80:255::23:7:10389:6652:10377:10383:10274:10014:10255:1:28:2462:::::|h[Gloves of the Iron Reavers]|h|r,,1,false,Armor Token,,BIS,Daño-Thrall
Mushtree-Thrall,9/14/24,21:29:19,1726388959-12,[Chitin-Spiked Jackboots],212445,item:212445::::::::80:255::5:6:6652:10379:10355:10264:1514:10255:1:28:2462,Giga BiS,2,DRUID,Nerub-ar Palace-Heroic,"Sikran, Captain of the Sureki",15,2657,25,|cffa335ee|Hitem:157614:6606:::::::80:255::23:7:10389:6652:10377:10383:10274:10036:10255:1:28:2462:::::|h[Flame Invoker's Treads]|h|r,,1,false,Leather,Feet,BIS,Daño-Thrall
Mushtree-Thrall,9/16/24,20:49:18,1726559358-0,[Venerated Blasphemer's Effigy],225616,item:225616::::::::80:105::69:3:11215:1504:10255:1:28:2724,Personal Loot - Non tradeable,nil,DRUID,Nerub-ar Palace-Heroic,Broodtwister Ovi'nax,15,2657,21,,,PL,false,Armor Token,,,Mushtree-Thrall
Mushtree-Thrall,9/21/24,20:28:34,1726990114-4,[Scepter of Manifested Miasma],212404,item:212404::::::::80:255::5:5:6652:10355:10265:1511:10255:1:28:2462,Minor Upgrade,5,DRUID,Nerub-ar Palace-Heroic,The Bloodbound Horror,15,2657,22,|cffa335ee|Hitem:171477:7454:::::::80:255::81:5:7756:8902:10262:10026:10255:1:28:2462:::::|h[Lightfathom Scepter]|h|r,|cffa335ee|Hitem:222566::::::::80:255::13:9:10421:9633:8902:9627:10222:11300:8960:8793:11143:9:28:2734:29:49:30:36:38:8:40:2249:45:211296:46:226024:47:222584:48:224072:::::|h[Vagabond's Torch |A:Professions-ChatIcon-Quality-Tier5:17:17::1|a]|h|r,3,false,One-Handed Maces,One-Hand,better stats,Daño-Thrall
Mushtree-Thrall,9/28/24,21:27:27,1727598447-28,[Takazj's Entropic Edict],212397,item:212397::::::::80:105::69:5:6652:10270:11215:1507:10255:1:28:2462,Personal Loot - Non tradeable,nil,DRUID,Nerub-ar Palace-Heroic,The Silken Court,15,2657,20,,,PL,false,Staves,Two-Hand,,Mushtree-Thrall
Mushtree-Thrall,10/05/24,21:24:05,1728203045-4,[Ansurek's Final Judgment],212401,item:212401::::::::80:105::69:5:6652:10270:11215:1507:10255:1:28:2462,Personal Loot - Non tradeable,nil,DRUID,Nerub-ar Palace-Heroic,Queen Ansurek,15,2657,20,,,PL,false,One-Handed Axes,One-Hand,,Mushtree-Thrall
Walrûs-Thrall,9/14/24,20:20:35,1726384835-1,[Crunchy Intruder's Wristband],212426,item:212426::::::::80:255::5:7:6652:10877:10379:10355:10265:1511:10255:1:28:2462,Major Upgrade,3,MAGE,Nerub-ar Palace-Heroic,Ulgrax the Devourer,15,2657,25,|cffa335ee|Hitem:224673:7382:::::::80:255::42:6:6652:10876:1689:10275:3132:10255:1:28:2462:::::|h[Alighted Cuffs of the Peerless]|h|r,,2,false,Cloth,Wrist,,Daño-Thrall
Walrûs-Thrall,9/14/24,21:56:35,1726390595-23,[Pattern: Duskthread Lining],224435,item:224435::::::::80:255::5,Giga BiS,2,MAGE,Nerub-ar Palace-Heroic,Rasha'nan,15,2657,25,,,1,false,Tailoring,,Im Him,Daño-Thrall
Walrûs-Thrall,9/16/24,20:49:27,1726559367-1,[Accelerated Ascension Coil],225580,item:225580::::::::80:62::69:7:6652:10877:10377:10271:11215:1504:10255:1:28:2462,Personal Loot - Non tradeable,nil,MAGE,Nerub-ar Palace-Heroic,Broodtwister Ovi'nax,15,2657,21,,,PL,false,Mail,Waist,,Walrûs-Thrall
Walrûs-Thrall,9/21/24,20:53:17,1726991597-15,[Devotee's Discarded Headdress],212440,item:212440::::::::80:255::5:7:6652:10877:10379:10355:10264:1514:10255:1:28:2462,Major Upgrade,4,MAGE,Nerub-ar Palace-Heroic,Rasha'nan,15,2657,22,|cffa335ee|Hitem:212092::::::::80:255::109:6:6652:10877:10371:10266:1520:10255:1:28:2462:::::|h[Hood of Violet Rebirth]|h|r,,2,false,Cloth,Head,,Daño-Thrall
Walrûs-Thrall,9/28/24,20:36:48,1727595408-11,[Chitin-Spiked Jackboots],212445,item:212445::::::::80:254::5:6:6652:10379:10355:10264:1514:10255:1:28:2462,Disenchant,0,MAGE,Nerub-ar Palace-Heroic,"Sikran, Captain of the Sureki",15,2657,21,|cffa335ee|Hitem:221149:7424:::::::80:254::16:7:10265:10390:6652:10377:10383:1645:10255:1:28:2462:::::|h[Membranous Slippers]|h|r,,1,true,Leather,Feet,,Daño-Thrall
Walrûs-Thrall,10/05/24,22:06:25,1728205585-12,[Web-Wrapped Curio],225634,item:225634::::::::80:253::5:3:10355:1520:10255,Minor Upgrade,2,MAGE,Khaz Algar (Surface)-,Ulgrax the Devourer,0,2552,0,|cffa335ee|Hitem:212092::::::::80:253::109:6:6652:10877:10371:10266:1520:10255:1:28:2462:::::|h[Hood of Violet Rebirth]|h|r,|cffa335ee|Hitem:212095:7364:::::::80:253::5:6:10355:10373:6652:10262:1520:10255:1:28:2462:::::|h[Runecoat of Violet Rebirth]|h|r,3,false,Context Token,,CHAMP TRACK UPGRAYD,Daño-Thrall
Krmlngrmln-Thrall,9/14/24,20:21:14,1726384874-4,[Royal Emblem of Nerub-ar],212446,item:212446::::::::80:255::5:6:6652:10379:10355:10265:1511:10255:1:28:2462,Major Upgrade,2,PRIEST,Nerub-ar Palace-Heroic,Ulgrax the Devourer,15,2657,25,|cffa335ee|Hitem:219190:7408:::::::80:255::109:5:10271:6652:10377:3182:10255:1:28:2462:::::|h[Unkindled Waxweave Mozzetta]|h|r,,2,false,Cloth,Back,,Daño-Thrall
Krmlngrmln-Thrall,9/14/24,21:50:43,1726390243-17,[Skyterror's Corrosive Organ],212453,item:212453::::::::80:257::69:5:42:10272:11215:1501:10255:1:28:2462,Personal Loot - Non tradeable,nil,PRIEST,Nerub-ar Palace-Heroic,Rasha'nan,15,2657,25,,,PL,false,Miscellaneous,Trinket,,Krmlngrmln-Thrall
Krmlngrmln-Thrall,9/14/24,21:55:05,1726390505-19,[Venerated Obscenity's Idol],225632,item:225632::::::::80:255::5:4:10369:10355:1514:10255,Giga BiS,3,PRIEST,Nerub-ar Palace-Heroic,Rasha'nan,15,2657,25,|cffa335ee|Hitem:178740::::::::80:255::23:7:10278:10389:6652:10377:10383:9878:10255:1:28:2462:::::|h[Reanimator's Mantle]|h|r,,1,false,Armor Token,,tier bis,Daño-Thrall
Krmlngrmln-Thrall,9/21/24,20:28:28,1726990108-3,[Creeping Coagulum],219917,item:219917::::::::80:255::5:5:6652:10355:10265:1511:10255:1:28:2462,Giga BiS,4,PRIEST,Nerub-ar Palace-Heroic,The Bloodbound Horror,15,2657,22,|cffa335ee|Hitem:219312::::::::80:255::16:6:10390:6652:10383:10270:1641:10255:1:28:2462:::::|h[Empowering Crystal of Anub'ikkaj]|h|r,|cffa335ee|Hitem:219314::::::::80:255::16:6:10270:10390:6652:10383:1641:10255:1:28:2462:::::|h[Ara-Kara Sacbrood]|h|r,1,false,Miscellaneous,Trinket,bis,Daño-Thrall
Krmlngrmln-Thrall,9/22/24,20:20:30,1727076030-0,[Spymaster's Web],220202,item:220202::::::::80:257::69:5:6652:10270:11215:1507:10255:1:28:2462,Personal Loot - Non tradeable,nil,PRIEST,Nerub-ar Palace-Heroic,The Silken Court,15,2657,23,,,PL,false,Miscellaneous,Trinket,,Krmlngrmln-Thrall
Vastør-Thrall,9/14/24,20:20:49,1726384849-3,[Devourer's Taut Innards],212425,item:212425::::::::80:255::5:7:6652:10876:10379:10355:10265:1511:10255:1:28:2462,Minor Upgrade,2,DEMONHUNTER,Nerub-ar Palace-Heroic,Ulgrax the Devourer,15,2657,25,|cffa335ee|Hitem:221134::::::::80:255::23:8:10389:6652:10876:10377:10383:10274:1641:10255:1:28:2462:::::|h[Shadow Congregant's Belt]|h|r,,3,false,Leather,Waist,,Daño-Thrall
Vastør-Thrall,9/14/24,21:55:12,1726390512-21,[Behemoth's Eroded Cinch],225583,item:225583::::::::80:255::5:7:6652:10877:10379:10355:10264:1514:10255:1:28:2462,Minor Upgrade,2,DEMONHUNTER,Nerub-ar Palace-Heroic,Rasha'nan,15,2657,25,|cffa335ee|Hitem:221134::::::::80:255::23:8:10389:6652:10876:10377:10383:10274:1641:10255:1:28:2462:::::|h[Shadow Congregant's Belt]|h|r,,3,false,Leather,Waist,7 ilvls decent stats,Daño-Thrall
Vastør-Thrall,9/15/24,21:05:11,1726473911-7,[Dreadful Slayer's Icon],225626,item:225626::::::::80:255::5:4:10370:10355:1517:10255:1:28:2723,Giga BiS,2,DEMONHUNTER,Nerub-ar Palace-Heroic,Nexus-Princess Ky'veza,15,2657,25,|cffa335ee|Hitem:219170:7601:::::::80:255::109:5:6652:10377:10270:3185:10255:1:28:2462:::::|h[Myconic Chausses]|h|r,,1,false,Armor Token,,giga bis havoc tier insane,Daño-Thrall
Vastør-Thrall,9/21/24,20:20:11,1726989611-1,[Venom-Etched Claw],212409,item:212409::::::::80:255::5:5:6652:10355:10265:1511:10255:1:28:2462,Minor Upgrade,4,DEMONHUNTER,Nerub-ar Palace-Heroic,Unknown,15,2657,22,|cffa335ee|Hitem:222441:7462:::::::80:255::13:9:10421:9633:8902:9627:8791:10222:11143:11300:8960:9:28:2734:29:32:30:36:38:8:40:2152:45:222593:46:211296:47:224072:48:226024:::::|h[Everforged Warglaive |A:Professions-ChatIcon-Quality-Tier5:17:17::1|a]|h|r,|cffa335ee|Hitem:159651:7462:::::::80:255::16:6:10270:10390:41:10384:10014:10255:1:28:2462:::::|h[Coral-Edged Crescent]|h|r,3,false,Fist Weapons,One-Hand,,Daño-Thrall
Vastør-Thrall,9/21/24,21:09:52,1726992592-18,[Sanguine Experiment's Bandages],225588,item:225588::::::::80:577::69:7:6652:10877:10377:10271:11215:1504:10255:1:28:2462,Personal Loot - Non tradeable,nil,DEMONHUNTER,Nerub-ar Palace-Heroic,Broodtwister Ovi'nax,15,2657,22,,,PL,false,Leather,Wrist,,Vastør-Thrall
Vastør-Thrall,9/22/24,20:26:45,1727076405-3,[Thousand-Scar Impalers],212432,item:212432::::::::80:255::5:6:6652:10379:10355:10262:1520:10255:1:28:2462,Major Upgrade,4,DEMONHUNTER,Nerub-ar Palace-Heroic,The Silken Court,15,2657,23,|cffa335ee|Hitem:219333::::::::80:255::13:8:10421:9633:8902:9627:11109:8960:8791:10222:8:28:2734:29:49:30:32:38:8:40:1441:47:219506:48:222593:49:211296:::::|h[Rune-Branded Grasps |A:Professions-ChatIcon-Quality-Tier5:17:17::1|a]|h|r,,2,false,Leather,Hands,large ilvl upgrade ,Daño-Thrall
Vastør-Thrall,9/28/24,21:04:34,1727597074-22,[Void Reaper's Warp Blade],219877,item:219877::::::::80:254::5:5:6652:10355:10256:1527:10255:1:28:2462,Giga BiS,3,DEMONHUNTER,Nerub-ar Palace-Heroic,Nexus-Princess Ky'veza,15,2657,21,|cffa335ee|Hitem:222441:7462:::::::80:254::13:9:10421:9633:8902:9627:8791:10222:11144:11300:8960:9:28:2734:29:32:30:36:38:8:40:2152:45:222593:46:211296:47:224073:48:226024:::::|h[Everforged Warglaive |A:Professions-ChatIcon-Quality-Tier5:17:17::1|a]|h|r,|cffa335ee|Hitem:159651:7462:::::::80:254::16:6:10390:41:10384:10266:10027:10255:1:28:2462:::::|h[Coral-Edged Crescent]|h|r,1,false,Fist Weapons,One-Hand,OMEGA GIGA BIS MASSIVE DMG INCREASE,Daño-Thrall
Thebrownmõle-Thrall,9/15/24,21:00:52,1726473652-1,[Regicide],225636,item:225636::::::::80:72::69:5:6652:10271:11215:1504:10255:1:28:2462,Personal Loot - Non tradeable,nil,WARRIOR,Nerub-ar Palace-Heroic,Nexus-Princess Ky'veza,15,2657,25,,,PL,false,Daggers,One-Hand,,Thebrownmõle-Thrall
Thebrownmõle-Thrall,9/28/24,20:59:31,1727596771-19,[Nether Bounty's Greatbelt],225589,item:225589::::::::80:254::5:7:6652:10876:10379:10355:10263:1517:10255:1:28:2462,Giga BiS,3,WARRIOR,Nerub-ar Palace-Heroic,Nexus-Princess Ky'veza,15,2657,21,|cffa335ee|Hitem:133289::::::::80:254::33:8:10390:6652:10876:10377:10383:10269:10040:10255:1:28:2462:::::|h[Belt of the Forgemaster]|h|r,,1,false,Plate,Waist,my pants are falling off i need belt,Daño-Thrall
Verzussy-Thrall,9/21/24,20:25:40,1726989940-2,[Blood-Kissed Kukri],212395,item:212395::::::::80:62::69:5:6652:10273:11215:1498:10255:1:28:2462,Personal Loot - Non tradeable,nil,MAGE,Nerub-ar Palace-Heroic,The Bloodbound Horror,15,2657,22,,,PL,false,Daggers,One-Hand,,Verzussy-Thrall
Verzussy-Thrall,9/21/24,21:18:25,1726993105-22,[Writhing Ringworm],225576,item:225576::::::::80:255::5:7:6652:10395:10392:10355:10263:1517:10255:1:28:2462,Giga BiS,4,MAGE,Nerub-ar Palace-Heroic,Broodtwister Ovi'nax,15,2657,22,|cffa335ee|Hitem:219188:7343:213741::::::80:255::109:6:6652:10395:10878:10270:3185:10255:1:28:2462:::::|h[Dark Abyss Hoop]|h|r,|cffa335ee|Hitem:221136:7343:::::::80:255::23:7:10389:10395:10392:10383:10274:1641:10255:1:28:2462:::::|h[Devout Zealot's Ring]|h|r,1,false,Miscellaneous,Finger,give to walrus cowards,Daño-Thrall
Reynie-Thrall,9/14/24,20:20:11,1726384811-0,[Husk of Swallowing Darkness],212386,item:212386::::::::80:255::5:5:6652:10355:10265:1511:10255:1:28:2462,Minor Upgrade,3,SHAMAN,Nerub-ar Palace-Heroic,Ulgrax the Devourer,15,2657,25,|cffa335ee|Hitem:218125::::::::80:255::109:4:6652:10270:3185:10255:1:28:2462:::::|h[Reactive Webbed Escutcheon]|h|r,,3,false,Shields,Off Hand,,Daño-Thrall
Reynie-Thrall,9/14/24,21:29:39,1726388979-14,[Throne Defender's Bangles],212415,item:212415::::::::80:255::5:7:6652:10876:10379:10355:10264:1514:10255:1:28:2462,Major Upgrade,3,SHAMAN,Nerub-ar Palace-Heroic,"Sikran, Captain of the Sureki",15,2657,25,|cffa335ee|Hitem:221059:7386:::::::80:255::2:6:10388:6652:10876:10290:1628:10255:1:28:2462:::::|h[I'pa's Pale Aleguards]|h|r,,2,false,Mail,Wrist,,Daño-Thrall
Reynie-Thrall,9/14/24,21:50:42,1726390242-16,[Locket of Broken Memories],212448,item:212448::::::::80:264::69:7:6652:10394:10878:10272:11215:1501:10255:1:28:2462,Personal Loot - Non tradeable,nil,SHAMAN,Nerub-ar Palace-Heroic,Rasha'nan,15,2657,25,,,PL,false,Miscellaneous,Neck,,Reynie-Thrall
Reynie-Thrall,9/21/24,21:13:01,1726992781-21,[Accelerated Ascension Coil],225580,item:225580::::::::80:255::5:7:6652:10877:10379:10355:10263:1517:10255:1:28:2462,Giga BiS,4,SHAMAN,Nerub-ar Palace-Heroic,Broodtwister Ovi'nax,15,2657,22,|cffa335ee|Hitem:225580::::::::80:255::3:7:6652:10877:10376:10354:10271:1504:10255:1:28:2462:::::|h[Accelerated Ascension Coil]|h|r,,1,false,Mail,Waist,best stats,Daño-Thrall
Reynie-Thrall,9/28/24,20:07:48,1727593668-0,[Final Meal's Horns],212428,item:212428::::::::80:254::5:7:6652:10877:10379:10355:10265:1511:10255:1:28:2462,Minor Upgrade,4,SHAMAN,Nerub-ar Palace-Heroic,Ulgrax the Devourer,15,2657,20,|cffa335ee|Hitem:212011::::::::80:254::109:6:10877:41:10371:10270:1507:10255:1:28:2462:::::|h[Noetic of the Forgotten Reservoir]|h|r,,3,false,Mail,Head,,Daño-Thrall
Reynie-Thrall,9/28/24,20:46:06,1727595966-14,[Bludgeons of Blistering Wind],212398,item:212398::::::::80:254::5:5:6652:10355:10264:1514:10255:1:28:2462,Offspec,2,SHAMAN,Nerub-ar Palace-Heroic,Rasha'nan,15,2657,21,|cffa335ee|Hitem:222439:7454:::::::80:254::13:9:10421:9633:8902:9627:8795:10222:11143:11300:8960:9:28:2734:29:40:30:49:38:8:40:2150:45:222596:46:211296:47:224072:48:226024:::::|h[Everforged Dagger |A:Professions-ChatIcon-Quality-Tier5:17:17::1|a]|h|r,|cffa335ee|Hitem:212386::::::::80:254::5:5:6652:10355:10263:1517:10255:1:28:2462:::::|h[Husk of Swallowing Darkness]|h|r,4,false,One-Handed Maces,One-Hand,,Daño-Thrall